[
    {
        "id": 7,
        "status": "uploaded",
        "storage_path": "audio-clips/19/a99a1e60-f6e5-401c-9f68-8c1359c34335.webm",
        "duration_sec": 9,
        "codec": "audio/webm;codecs=opus",
        "sample_rate": 48000,
        "transcript_text": null,
        "structured_payload": null,
        "asr_provider": null,
        "asr_confidence": null,
        "created_at": "2025-11-18T03:48:46+00:00",
        "updated_at": "2025-11-18T03:48:46+00:00"
    },
    {
        "id": 6,
        "status": "uploaded",
        "storage_path": "audio-clips/19/4d21b4ed-51de-4ff3-817b-f03b8cd5ef21.webm",
        "duration_sec": 9,
        "codec": "audio/webm;codecs=opus",
        "sample_rate": 48000,
        "transcript_text": null,
        "structured_payload": null,
        "asr_provider": null,
        "asr_confidence": null,
        "created_at": "2025-11-05T12:06:45+00:00",
        "updated_at": "2025-11-05T12:06:45+00:00"
    }
]