[
    {
        "id": 6,
        "start_time": "2025-10-27T10:00:00+00:00",
        "end_time": null,
        "intensity": 7,
        "pain_location": "frontal",
        "aura": false,
        "symptoms": [
            "light sensitivity",
            "visual aura",
            "dizziness"
        ],
        "triggers": [
            "screen time",
            "sleep disruption"
        ],
        "what_you_tried": "hyderation",
        "notes": null,
        "created_at": "2025-10-28T17:22:57+00:00",
        "updated_at": "2025-10-28T17:22:57+00:00",
        "audio_clip": null
    },
    {
        "id": 5,
        "start_time": "2025-10-22T09:00:00+00:00",
        "end_time": null,
        "intensity": 8,
        "pain_location": "right",
        "aura": true,
        "symptoms": null,
        "triggers": null,
        "what_you_tried": null,
        "notes": null,
        "created_at": "2025-10-28T17:21:34+00:00",
        "updated_at": "2025-10-28T17:21:34+00:00",
        "audio_clip": null
    }
]